split,file_name,path,text,characters
train,6683127-House-Rental-Contract-GERALDINE-GALINATO-v2-Page-1,/home/sahil/assignment1/assignment-1/data/train/6683127-House-Rental-Contract-GERALDINE-GALINATO-v2-Page-1.docx,"House Rental Contract
KNOWN ALL MEN BY THESE PRESENTS:
This House Rental Contract, made and entered into this 20th day of May 2007 at Manila by and between:
Antonio Levy S. Ingles. Jr. and/or Mary Rose C. Ingles, of legal age, with residence and postal address at Unit 2006 EGI Taft Tower 2339 Taft Avenue, Malate, Manila, And herein referred to as the Owner(s),
— And —
GERALDINE O. GALINATO. of legal age, with residence and postal address at 6 Manganese Road, Pilar Village, Las Pinas, Metro Manila, And herein referred to as the
Resident(s),
WITNESSETH:
In consideration of the agreements of the Resident(s), known as: GERALDINE O. GALINATO. the Owner(s), known as: Antonio Levy S. Ingles. Jr. and/or Mary Rose C. Ingles, hereby rent their the dwelling/house located at Lot 6, Block 20, Royal South Townhomes, Marcos Alvarez Avenue, Talon 5, Las Pinas City, Metro Manila for the period commencing on the 20th day of May, 2007, and monthly thereafter until the 20th day of May, 2008, at which time this Agreement is terminated.
Resident(s), in consideration of Owner(s) permitting them to occupy the above property, hereby agrees to the following terms:
RENT: To pay as rental the sum of SIX THOUSAND FIVE HUNDRED PESOS IP 6.500.001 per month, due and payable in advance from the 20th day of every month.
FAILURE TO PAY ON TIME: Failure to pay the rent will result in being served a Notice to End Residential Tenancy. This Notice may be served if you have an outstanding balance from failure to pay your rent. This Notice may also be served from being habitually late in paying your rent regardless of the balance owed. Once the Notice to End Residential Tenancy is received, you will have a prescribed time to pay all of the amount overdue on your rent. A three-dav grace period will be allowed for late payment. Failure to pay the monthly rental within the grace period is subject to FIVE (5%) PERCENT interest per month of delay as penalty.
Habitual failure of the Resident(s) to pay within the prescribed time shall result in the Owner(s) taking immediate legal action to evict the Resident(s) from the premises and seize the security deposit.
SECURITY DEPOSIT: Resident(s) agrees to pay a deposit in the amount of SIX THOUSAND FIVE HUNDRED PESOS (P 6.500.001 to secure Resident(s)’s pledge of full compliance with the terms of this agreement. Note: THE DEPOSIT MAY NOT BE USED BY TENANT TO PAY THE RENT DURING THE TENANCY. The security deposit will be used at the end of the tenancy to compensate the Owner(s) for any damages or unpaid rent or charges, and will be repaired or replaced at Resident(s)’s expense with funds other than the deposit.
METHOD OF PAYMENT: The initial advance payment of rent and deposit under this contract be PAID IN CASH at least 7 days before the date of moving-in. Thereafter, monthly rent payments must be paid by POST DATED CHECKS payable to ANTONIO LEVY S. INGLES. JR. until a first check is dishonored and returned unpaid. Regardless of cause, no other additional payments may afterwards be made by check. Checks returned will not be redeposited. The Resident(s) will be notified by a 3 day notice, and will be required to pay the amount due in cash.",3192
train,6683129-House-Rental-Contract-Geraldine-Galinato-v2,/home/sahil/assignment1/assignment-1/data/train/6683129-House-Rental-Contract-Geraldine-Galinato-v2.docx,"House Rental Contract
KNOWN ALL MEN BY THESE PRESENTS:
This House Rental Contract, made and entered into this 20th day of May 2007 at Manila by and between:
Antonio Levy S. Ingles. Jr. and/or Mary Rose C. Ingles, of legal age, with residence and postal address at Unit 2006 EGI Taft Tower 2339 Taft Avenue, Malate, Manila, And herein referred to as the Owner(s),
— And —
GERALDINE O. GALINATO of legal age, with residence and postal address at 6 Manganese Road, Pilar Village, Las Pinas, Metro Manila, And herein referred to as the
Resident(s),
WITNESSETH:
In consideration of the agreements of the Resident(s), known as: GERALDINE O. GALINATO. the Owner(s), known as: Antonio Levy S. Ingles. Jr. and/or Mary Rose C. Ingles, hereby rent their the dwelling/house located at Lot 6, Block 20, Royal South Townhomes, Marcos Alvarez Avenue, Talon 5, Las Pinas City, Metro Manila for the period commencing on the 20th day of May, 2007, and monthly thereafter until the 20th day of May, 2008, at which time this Agreement is terminated.
Resident(s), in consideration of Owner(s) permitting them to occupy the above property, hereby agrees to the following terms:
RENT: To pay as rental the sum of SIX THOUSAND FIVE HUNDRED PESOS IP 6.500.001 per month, due and payable in advance from the 20th day of every month.
FAILURE TO PAY ON TIME: Failure to pay the rent will result in being served a Notice to End Residential Tenancy. This Notice may be served if the Resident(s) has an outstanding balance from failure to pay the rent. This Notice may also be served from being habitually late in paying the rent regardless of the balance owed. Once the Notice to End Residential Tenancy is received, the Resident(s) will have a prescribed time to pay all of the amount overdue on the rent.
A three-dav grace period will be allowed for late payment However, failure to pay the
monthly rental within the grace period is subject to FIVE (5%) PERCENT interest per month of delay as penalty. Habitual failure of the Resident(s) to pay within the prescribed time shall result in the Owner(s) taking immediate legal action to evict the Resident(s) from the premises and seize the security deposit.
SECURITY DEPOSIT: Resident(s) agrees to pay a deposit in the amount of SIX THOUSAND FIVE HUNDRED PESOS IP 6.500.001 to secure Resident(s)’s pledge of full compliance with the terms of this agreement. Note: THE DEPOSIT MAY NOT BE USED BY TENANT TO PAY THE RENT DURING THE TENANCY. The security deposit will be used at the end of the tenancy to compensate the Owner(s) for any damages or unpaid rent or charges, and will be repaired or replaced at Resident(s)’s expense with funds other than the deposit.
METHOD OF PAYMENT: The initial advance payment of rent and deposit under this contract be PAID IN CASH at least 7 days before the date of moving-in. Thereafter, monthly rent payments must be paid by POST DATED CHECKS payable to ANTONIO LEVY S. INGLES. JR. until a first check is dishonored and returned unpaid. Regardless of cause, no other additional payments may afterwards be made by check. Checks returned will not be redeposited. The Resident(s) will be notified by a 3 day notice, and will be required to pay the amount due in cash.
SCHEDULE OF PAYMENT:
SUBLETTING: Without first requesting permission from the Owner(s), Resident(s) agrees not to assign this agreement, nor to sub-let any part of the property, nor to allow any other person to live therein other than the following:
Surname, Name of the Resident:
Surname, Name:
Relation to the Resident:
Surname, Name:
Relation to the Resident:
Surname, Name:
Relation to the Resident:
Surname, Name:
Relation to the Resident:
Surname, Name:
Relation to the Resident:
Further, that covenants contained in the House Rental Contract, once breached, cannot afterward be performed; and that eviction proceedings may be commenced at once without notice.
OWNER’S STATEMENTS: All rights given to the Owner(s) by this agreement shall be cumulative in addition to any other laws which might exist or come into being. Any exercise or failure to exercise, by the Owner(s) of any right shall not act as a waiver of any other rights. No statement or promise of Owner(s) as to tenancy, repairs, alternations, or other terms and conditions shall be binding unless specified in writing and specifically endorsed.
COURT COSTS: This agreement shall be governed by the laws of the Republic of the Philippines. In the event that any portion of this agreement shall be found to be unsupportable under the law, the remaining provisions shall continue to be valid and subject to enforcement in the courts without exception.
DEFAULT BY RESIDENT: Any breach or violation of any provision of this agreement by Resident(s) or any untrue or misleading information in Resident(s)’s application shall give the Owner(s) the right to terminate this contract, evict the Resident(s) and to take possession of the residence. The Resident(s) agrees to a forfeiture of the security deposit and Owner(s) may still purse any remaining amounts due and owing.
9. ACCEPTANCE OF PROPERTY: Resident(s) accepts the ""AS IS"" condition of the property, waiving inspection of same by Owner(s) and agrees to notify Owner(s) of any defects. Resident(s) further agrees to indemnify or assure Owner(s) against any loss or liability arising out of Resident(s)’s use of the property.
MAINTENANCE: Resident(s) agrees to maintain the premises during the period of this agreement. This includes woodwork, ceilings, walls, floors, furnishings and fixtures, appliances, windows, screens doors, fences, plumbing, electrical, and mechanical systems. Tacks, nails, or other objects nailed or screwed into the walls or ceilings or floors will be removed at the termination of this agreement. Damage caused by tacks, nails, or other objects nailed or screwed into the ceilings or walls or floors; damage caused by rain and wind as a result of leaving windows or doors open, or damage caused by overflow of water, or stoppage of waste pipes, breakage of glass, and damage to screens, whether caused by abuse or neglect is the responsibility of the Resident(s).
RESIDENT’S OBLIGATIONS: The Residents) agrees to meet all of Resident(s)’s obligations; including:
Taking affirmative action to insure that nothing exists which might piace the Owner(s) in violation of applicable building, housing and health codes.
Keeping the dwelling/house clean, and sanitary; removing garbage and trash as they accumulate; maintaining plumbing in good working order to prevent stoppages and or leakage of plumbing, fixtures, faucets, pipes, etc.
Operate all electrical, plumbing, sanitary, and other appliances in a reasonable and safe manner.
Assuring that property belonging to the Owncr(s) is safeguarded against damage, destruction, loss, removal, or theft.
Conducting him/herself, his/her family, friends, guests and visitors in a manner which will not disturb others. Resident(s) warrants that he/she will meet the above conditions in every respect, and acknowledges that failure to do so will be grounds for termination of this agreement and loss of all deposits without further recourse.
CLEANING: Resident(s) accepts premises in its current state of cleanliness and agrees to return it in a like condition.
REMOVAL OF PROPERTY: Resident(s) agrees not to remove or alter in any way Owner(s)’s property without first requesting permission from the Owner(s). Any removal or alteration of Owner(s)’s property without permission shall constitute abandonment and surrender of the premises, and termination by the tenant of this agreement Owner(s) may take immediate possession and exclude Resident(s) from the property, storing all Resident(s) possessions at Resident(s)’s expense pending reimbursement in full for Owner(s)’s loss and damages.
REPAIRS: The Resident(s) should contact the Owner(s) for emergencies or for urgent and major repairs. In the event repairs are needed beyond the competence of the Resident(s), he/she is urged to arrange for professional assistance. Any improvement made by the tenant shall become the property of the Owner(s) at the conclusion of this agreement.
UTILITIES: Resident(s) shall be responsible for payments of all utilities, electricity, water and sewer charges, association dues, telephone or other bills incurred during their residency. They specifically authorize the Owner(s) to deduct amounts of unpaid bills from their deposits in the event they remain unpaid after the termination of this agreement.
PHONE: Resident(s) may install and maintain telephone service, and agrees to furnish to the owner the phone number, and any changes, within 3 days after installation.
VEHICLES: Resident(s) agrees to park ONLY ON THE PAVED DRIVEWAY PROVIDED his/her automobile described as follows:
Resident(s) agrees that no vehicle may be repaired in the paved driveway.
PETS: The Resident(s) specifically understands and agrees:
No pet which is attacked-trained or vicious, with a history of biting people or other animals, or of property damage will be kept on the premises;
That the Resident(s) is solely responsible for any and all damage to the Owner(s)’s property including, but not limited to the premises, blinds, wall, furnishings and appliances;
That in a like manner, he/she is responsible for any and all damage or loss to persons or property of others caused by the Resident(s)’s pet(s) and in this regard does hereby agree to hold the Owner(s) harmless for any such damage;
That all pet(s) should be maintained in a humane and lawful manner;
That all pet waste shall be removed and disposed of promptly, including waste in neighbor’s yards distributed by Resident(s)’s pets;
That all pets shall be maintained so as to not cause annoyance to others.
RESIDENT’S ABANDONMENT: If Resident(s) leaves said premises unoccupied for 15 days while rent is due and unpaid, Owner(s) is granted the right hereunder to take immediate possession thereof and to exclude Resident(s) there from; removing at his/her expense all his/her property contained therein and placing it into storage at Resident(s)’s expense.
TERMINATION: After one month’s rental payment has been received, this contract may be terminated by mutual consent of the parties, or by either party giving written notice of at least 15 days prior to the end of any monthly period. All parties agree that termination of this agreement prior to the 20th day of May, 2008 regardless of cause will constitute a breach of the tenancy as agreed on page 1 and all deposits shall be forfeited in favor of the Owner(s) as full liquidated damages at the Owner(s)’s option.
RETURN OF DEPOSIT: Thirty days after termination of occupancy, the Owner(s) will send the balance of the deposit to the address provided by the Resident(s), payable to the signatories hereto, or Owner(s) will impose a claim on the deposit and so notify the Resident(s) by certified letter. If such written claim is not sent, the Owner(s) relinquishes his right to make any further claim on the deposit and must return it to the Resident(s) provided Residents) has given the Owner(s) notice of intent to vacate, abandon, and terminate this agreement proper to the expiration of its full term, at least 7 days in advance.
RELEASE OF DEPOSIT: Release of security deposit is subject to the provisions as follows:
The full term of this agreement has been completed.
Formal written notice has been given.
No damage or deterioration to the premises, structures, or grounds is evident.
The entire dwelling/house, appliance and closets are clean and left free of insects, and all debris and garbage have been removed from the property; walls, ceilings and floors are cleaned and left odorless.
Any and all unpaid charges, delinquent rents, utility charges, etc., have been paid in full.
All keys have been returned, including keys to any new locks installed while Residents) was in possession.
A forwarding address has been left with the Owner(s).
OWNERS AGENTS AND ACCESS: The Owner(s) may be represented by an agent who will carry identification. Resident(s) specifically agrees to permit the Owner(s) or agent(s) access to the premises for the purposes of inspection, repairs, or to show the property to another person at reasonable hours, on request.
RENEWAI. TERM: At the end of initial term herein, Owner(s) may elect to renew for
another term but at a rental increase of FIVE HUNDRED PESOS IP 500.001 to the current agreed rental pay.
ACKNOWLEDGMENT: In this agreement the Singular number where used will also include the Plural, the Masculine gender will include the Feminine, the terms Owner, Owners, and Owner(s) will include Landlord, Lesser, and the terms Resident, Residents, and Resident(s) will include Tenant, Lessee. The below-signed parties acknowledge that they have read and understand all of the provisions of this agreement. This contract is bound by all heirs, executors, successors and/or assigns.
LEGAL CONTRACT: This is a legally binding contract. If you do not understand any part of this contract, seek competent legal advice before signing.
32. RIGHT TO SIGN: The individual(s) signing this House Rental Contract as to Resident(s) stipulates and warrants that he/she has the right to sign for and to bind all occupants.
IN WITNESS WHEREOF, the parties hereto have set their hands this 2007, at Manila
GERALDINE Q. GALINATO
Resident
CELESTINO ALFARO
Resident’s Immediate Relative / Occupant
Mary Rose C. Ingles
Owner
Antonio Levy S. Ingles, Jr.
Owner
SIGNED IN THE PRESENCE OF:
WITNESS
REPUBLIC OF THE PHILIPPINES} CITY OF MANILA}
BEFORE ME, a Notary Public, for and in Manila personally appeared the following persons:
known to me and to me known to be the same persons who executed the foregoing instrument and acknowledgement to me that the same is their free and voluntary act and deed.
This instrument refers to as House Rental Contract of a two-bedroom residential unit located at Lot 6, Block 20, Royal South Townhomes, Marcos Alvarez Avenue, Talon 5, Las Pinas City, Metro Manila, consisting of five (5) pages including this one wherein this acknowledgement is written and has been signed by the parties hereto and their instrumental witnesses at the upper portion of this page and left hand margin of all other pages hereof.
WITNESS MY HAND AND SEAL, this
PROMISORY NOTE DOCUMENT:
I, GERALDINE O. CAM NATO Resident(s), of legal age, with residence and postal address at 6 Manganese Road, Pilar Village, Las Pinas, Metro Manila, PROMISED TO GIVE ALL THE ELEVEN (11) POST DATED CHECKS on or before the 20th of June 2007, payable to ANTONIO LEVY S. INGLES. JR.. Owner(s), as monthly rent payments from June 20, 2007 to May 20, 2007 of the Owner(s)’ house located at Lot 6, Block 20, Royal South Townhomes, Marcos Alvarez Avenue, Talon 5, Las Pinas City, Metro Manila
SCHEDULE OF PAYMENT of 11 PDCs from June 20, 2007 to May 20, 2007:
Failure to FUFILL THIS PROMISED AS STATED ABOVE will result to Resident(s) and other occupants to freely and voluntarily self evict themselves from the Owner!sf house.
The Resident(s)/ Occupant(s) hereto have set their hands this 20th day of May, 2007, at Lot 6, Block 20, Royal South Townhomes, Marcos Alvarez Avenue, Talon 5, Las Pinas City, Metro Manila
GERALDINE Q. GALINATO
Resident
CELESTINO ALFARO
Occupant
MIA ALFARO Occupant
JED ALFARO
Occupant
Seq. No. | Due Date |  | Security Deposit (in cash) | Security Deposit (in cash)
1 | 5/20/2007 |  |  | Php 6,500.00
 |  |  | Monthly Rental | Monthly Rental
 |  |  | Advance Payment (in cash) | Advance Payment (in cash)
 |  | From | To | CASH
2 | 5/20/2007 | 5/20/2007 | 6/20/2007 | Php 6,500.00
 |  |  | Payment in PDCs | Payment in PDCs
 |  | From | To | PDCs
3 | 6/20/2007 | 6/20/2007 | 7/20/2007 | Php 6,500.00
4 | 7/20/2007 | 7/20/2007 | 8/20/2007 | 6,500.00
5 | 8/20/2007 | 8/20/2007 | 9/20/2007 | 6,500.00
6 | 9/20/2007 | 9/20/2007 | 10/20/2007 | 6,500.00
7 | 10/20/2007 | 10/20/2007 | 11/20/2007 | 6,500.00
8 | 11/20/2007 | 11/20/2007 | 12/20/2007 | 6,500.00
9 | 12/20/2007 | 12/20/2007 | 1/20/2008 | 6,500.00
10 | 1/20/2008 | 1/20/2007 | 2/20/2008 | 6,500.00
11 | 2/20/2008 | 2/20/2008 | 3/20/2008 | 6,500.00
12 | 3/20/2008 | 3/20/2008 | 4/20/2008 | 6,500.00
13 | 4/20/2008 | 4/20/2008 | 5/20/2008 | 6,500.00
 |  |  | Payment in PDCs | Payment in PDCs
 |  | From | To | PDCs
1 | 6/20/2007 | 6/20/2007 | 7/20/2007 | Php 6,500.00
2 | 7/20/2007 | 7/20/2007 | 8/20/2007 | 6,500.00
3 | 8/20/2007 | 8/20/2007 | 9/20/2007 | 6,500.00
4 | 9/20/2007 | 9/20/2007 | 10/20/2007 | 6,500.00
5 | 10/20/2007 | 10/20/2007 | 11/20/2007 | 6,500.00
6 | 11/20/2007 | 11/20/2007 | 12/20/2007 | 6,500.00
7 | 12/20/2007 | 12/20/2007 | 1/20/2008 | 6,500.00
8 | 1/20/2008 | 1/20/2007 | 2/20/2008 | 6,500.00
9 | 2/20/2008 | 2/20/2008 | 3/20/2008 | 6,500.00
10 | 3/20/2008 | 3/20/2008 | 4/20/2008 | 6,500.00
11 | 4/20/2008 | 4/20/2008 | 5/20/2008 | 6,500.00",16865
train,18325926-Rental-Agreement-1,/home/sahil/assignment1/assignment-1/data/train/18325926-Rental-Agreement-1.docx,"RENTAL AGREEMENT
This deed of rental agreement executed at Bangalore this fifth day of December 2008 between MR.K.Kuttan S/o Kelu Aehari (Late) residing at site No 152 Geethalayam OMH colong S.M. Road 1st main, T.Dasarahalli, Bangalore-57. Here after called the lessor which term shall where the contest so admits mean and includes his legal heirs representatives executors and assign and Sri. P.M. Narayana Namboodri “Laxmi Leela” ground floor 3rd cross Ayyappa Nagar behind Ayyappa Temple, Jalahalli West, Bangalore - 15 referred as tenant which term shall wherever the context so admits mean and includes his legal heirs representations executors assign witnesses.
Whereas the lessor is the absolute owner after premises at site No. 8/20 S.M. Road, Jalahalli West, Bangalore - 15 and he has constructed approximate 500 sft area of Ilnd floor with A.C. Sheet roof with power light in the above said premises.
Where as the owner has offered to let out the premises for non residential purpose, where as the tenant has offered to take the said premises on rent for non residential purpose namely for “MAHALAKSHMI INDUSTRIAL CONSULTANT’ and tenant is the Proprietor of the business and he has agreed to pay rent Rs.4,000.00 (Rupees Four Thousand only) for above said premises with the following terms and conditions:-
The agreement made only for eleven months from this date of agreement. Fresh agreement with mutual terms and conditions have to be extended (6.p.c is expecting every eleventh month).
The tenant shall pay the rent above said, on before 10th of each month.
An advance amount of Rs.35,000/- (Rupees thirty five thousand only) is paid by the tenant to the owner at the time of commencement of this agreement, the receipt where of is hereby acknowledged signing this agreement by the owner. The advance shall not carry any interest and refundable to the tenant at the time of vacating the schedule premises. Any arrears of rent electricity and water dues is permissible to deduct from the advance.
Each party shall be liable to give three month advance notice for the termination of this agreement.
The tenant shall pay the electricity and water charges within one week from the date of receipt of the bills.
the tenant shall at the termination of this agreement have to remove superstructure if any put by the tenant at his own expenses and deliver the possession to the owner in good and tenable condition.
The tenant shall himself obtain the license for the business top be carried on by him.
The tenant shall not sublet or underlet the demised portion or any part there of to any third party.
The building owner shall not in any case be held responsible with for any kind of theft, burglary, fire or accident within the portion of the building.
All kinds of security arrangements insurances etc., will have to be done by the tenant if necessary.
The tenant shall keep good relationship with neighbors.
SIIIDIII
WITNESSES
OWNER	TENANT
1.",2952
train,24158401-Rental-Agreement,/home/sahil/assignment1/assignment-1/data/test/24158401-Rental-Agreement.png,"This rental agreement is made and executed on this 1‘ day of April 2008 (1-04-08) by
and between

Sri Hanumaiah
No 12, 1* Floor, 6"" Cross, Balajinagar DRC Post, Bangalore 560029

Hereinafter referred to as the owner: Lesser of the one part and in favour of:

Sri Vishal Bhardwaj S/O Charnel Singh Village Pandol Road PO and Tehsil Baijnath
Dist: Kangra (H.P.)
Himachal Pradesh 176125

Hereinafter referred to as the Tenant: Lessee of the other part:

Where as the terms both the lesser and the Lessee shall mean and include their
respective heirs executors legal representatives administrators and assigns.

Whereas the lesser herein is the absolute owner of the schedule premises situated at
No 12, Ground Floor, 6"" Cross, Balajinagar, DRC Post, and Bangalore 560029.
Whereas the lessee approached with the lesser let out the schedule premises and the
lesser has agreed to let out the schedule premises under the following terms and
conditions

1. The lesser agrees to let out the above premises to the lessee on a monthly rent
of Rs 12000 (Twelve thousand) the lessee has agreed to pay the same to the
lesser regularly. This lease is effective from 1* April 2008.

2. The Lessee herby agrees to pay the above rent before 5 of every month.
3. The lessee should use the said premises for residential purpose only.

4. The rent agreement will be for a period of 12 months i.e. up to end of March
2009. But it can be extended by mutual consent by enhancing the rent at 5
% increase.

5. The lessee should not sub let or under let the premises to any person without
written permission from the lesser.

6. The lessee should use the premises in good and tenantable conditions without
breakages of any fixtures, if the lessee causes any damage the lesser is allowed
to deduct a mutually agreed amount from the lessee deposit of Rs 80,000.

7. The lessee had paid a deposit of80, 000 as security deposit the same amount
will be refundable at the time of termination of Rent Period and this amount
shall not carry any interest.

8. The lessee shall vacate the premises on a two months notice from the lesser.
Similarly the lessee can vacate the premises after giving two months notice to
the lesser.

9. The lessee is provided with separate electricity meter and the lessee himself
shall pay electricity charges for consumption of power made use by him to the
concerned authority without arrears during the period of this rental agreement.
In respect of water consumption it is included in the rent.

10. The owner is at liberty to inspect the premised on all reasonable hours with
intimation to the lessee

11. The tenant shall handover the Xerox copy of any of the photo identity card i
.e. driving licence passport ration Card at the time of signing agreement.

12. The tenant shall get the premised distempered/coloured washed at the time of

vacation the premises failing which the actual cost for the same will be
deducted out of the security deposit.

Schedule:

Accommodation consisting of One Hall, One Dining Room, Two Bed Rooms,
Kitchen, One attached Toilet/Bathroom, with one common toilet, Electricity with 3
Fans, 1 Exhaust Fan, 5 Tube lights, Bulbs, Geyser and water facility.

In witness whereof the above named parties lesser and lessee have affixed their
signatures to those rental agreement mad on the day month and year firs above written
at Bangalore.

Witness

1 Owner/Lesser

Tenant/Lessee
",3406
train,36199312-Rental-Agreement,/home/sahil/assignment1/assignment-1/data/train/36199312-Rental-Agreement.png,"RENEWAL OF RENTAL AGREEMENT

This AGREEMENT of Rent is made in Bangalore and Executed today the Ist"" of May
2010

BY AND BETWEEN

1. Mr. Balaji.R
Aged about 63 years,
No 24 2"" Cross, SBM
Colony Mathikere - 560054

Hereinafter referred and called as the ‘Lessor’ of the First part of one part:
//AND//
1 Mr.Kartheek R
Aged about 31 years,
No.81, sri manjunatha nilaya, raju colony,
yamalur
B angalore-560037.

Hereinafter referred and called as the ‘Lessees’ of the second part of the another part:

NOW THIS AGREEMENT OF RENT WITNESSETH TN AS FOLLOWS:

Whereas the first party is the sole and absolute owner of the above cited / scheduled
premises is hereby continued to be rented out the same to the second party which terms
and conditions is as follows:

The lessor have received a security Deposit amount of Rs.40,000/- (Rupees Fourty
Thousand only) from the Lessees and hereby acknowledges the receipt of the same, which
carries no interest but to be returned to the lessee at the time of the lessee Vacates and
hands over the position.

The Rent is payable by the Lessees to the Lessor is a sum of Rs.3800/- (Rupees Thirty
Eight Thousand Only) on or before 10"" of every English Calendar Month.

This agreement is in force for a period of eleven (11) months and the same may be
renewed by the mutual understanding of both the Lessor and the Lessee.

In case of either party wants back the portion or vacates the portion either must be
informed within one month prior notice.,

The Electricity and water charged is to be borne by the Lessees only.

The Lessee should neither sublet nor underlet and shall use the premises only for

Residential and for not any business purpose, should maintain clean tidy with no

interruption, and shall handover at the time of vacating in tenantable condition.
SCHEDULE

The Schedule of Residential premises. No.81, sri manjunatha nilaya, raju colony, yamalur

Bangalore-560037, consists of one Hall, One Bed Room, Kitchen, Bath Room, and

Completely Electrified with running water facilities and other amenities.

In witness whereof both the parties have set their respective hands and affixed their

signatures, hereunder the following and presence of the two witnesses today the day

month year cited above.

WITNESSES:

1. LESSOR/OWNER

2. LESSEES/TENANT.
",2298
train,44737744-Maddireddy-Bhargava-Reddy-Rental-Agreement,/home/sahil/assignment1/assignment-1/data/train/44737744-Maddireddy-Bhargava-Reddy-Rental-Agreement.docx,"RENTfft	ENT
This Rental Agreement is made and executed on this the .?.??& day of		2010 at Hyderabad, by and between:
M. V, V« VI JAY A SHANKAR, S/o, M, Rangaiah
R/o. Flat No. 309 , SHEETAL.ENCLAVE, JE12DIJNETLA,
Ranga Reddy Districto
(Hereinafter called the “LANDLORD”)
AND
MADDIREDDY BHARGAVA REDDY, S/O,MADDIREDDY SUBBA REDDY, R/o,Flat No.303, SHEETAL ENCLAVE, JEEDIMETLA,
Ranga Reddy District	•
(Hereinafter called the “TENANT”)
WHEREAS the Landlord is the absolute owner and possessor of the bearing No Flat NOe2sfi 303» sheetal enclave, jeedimetla
RANGA REDDY DISTRICT
WHEREAS the tenant approached the landlord and requested him/her to let-out the said House/Plot on the rental basis and the same is accepted.
WHEREAS the tenant agreed to pay the monthly rent on or before
5th day of every month at Rs	9.99.7.9°	 p.m. and agreed to
bear Electricity, Water Charges etc., as applicable, is valid from 11 months,.for the purposes of .Resident iai__|iroofo
In witnesses whereof both the parties have signed on this the Rental Agreement before the following witnesses:
WITNESSES:",1080
train,47854715-RENTAL-AGREEMENT,/home/sahil/assignment1/assignment-1/data/train/47854715-RENTAL-AGREEMENT.docx,"RENTAL AGREEMENT
THIS DEED OF RENTAL AGREEMENT ENTERED INTO AT CHENNAI ON 21st OF MARCH 2010 BETWEEN Mr. P C MATHEW, S/O K JOSEPH CHACKO, hereinafter called the party of the first part and between Mr. L GOPINATH S/o of G LAKSHMI NARISIMHAN after called the party of the second part witnesses.
Whereas the party of the first part being the owner of the premises at Flat No C 8 SAMS AVENUE APPARTMENT No 65 VALLUVAR ST ARUMBAKKAM CHENNAI 600106 has agreed to let the above premises to the party of the second part for residential use on a monthly rent of Rs.9000 (Rupees Nine Thousand Only) plus monthly maintenance expenses levied on by the association, on condition of his accepting to take on hire the house with amenities provided therein and whereas the party of the second part has agreed and will occupy the premises From 1st April 2010.
The lessor hereby let on lease the house to the lessee on a monthly rent of Rs.9000/-(Rupees Seven thousand only) for a period of 11 months starting from 1st of April 2010. The amount shall be paid before 5th of the succeeding calendar month without any deduction whatsoever.
The lease is for a period of 11 months, commencing from this day, 1st of April 2010.
The lessor hereby grants to the lessees to use and occupy the ground floor of the said house for residential purpose only and not for godown, storage of articles, packing/unpacking or for any other business purposes.
The lessee had kept deposited with the lessor a sum of Rs.90000/-(Rupees Ninety Five thousand only), as deposit without interest for the due performance of this agreement. The deposit shall not entitle the lessee to withhold any payment of monthly rent.
The said deposit shall be refundable to the lessee at the time the lessee hands over the vacant possession of the said house. If any damages is done by the lessee to the house during the subsistence of the lease herein granted and any arrears of rent due, the lessor shall be entitled to adjust aforesaid deposit the amount necessary for making good such damages and or rents due.
Damages if any to the basins, pans, water taps doors and windows, walls, alcops, electrical fittings, glazed tiles etc; or any part of the house will be made good or replaced by the lessor and the lessee has to bear the entire cost for any such replacement/repair or the lessee may get it done at his cost with the knowledge and prior consent of the lessor. In the default of the lessee to undertake the repair/replacement of the damaged property or to meet the expenses, the same will be adjusted from the rent advance lying with the lessor.
The lessor or their authorized agents shall be entitled to enter upon the said house to inspect the conditions of the premises or to get repairs done or for other lawful purpose thereof at all reasonable times and the lessee shall allow them to so enter.
The lessor shall not make structural alterations in the said house or add any fixtures without the prior permission of the lessor.
The lessee shall pay electricity charges regularly as per the meter reading and also undertake house maintenance and water charges.
The lessor shall pay the property tax and other taxes on the house.
If the lessee commits breach of any of the conditions here above mentioned notwithstanding the period herein above mentioned, the lessor shall be at liberty to revoke and or cancel the lease granted forthwith.
Two months notice on either side shall be the condition for the lessor and lessee to terminate this lease to voluntarily vacate the premises.
Notwithstanding anything contained above, the lessor can terminate the lease in case the lessee defaults in payment of rent and amenity charges for two month.
If the lessee desires to have this lease deed renewed for a further period after the expiry of eleven months, one month advance notice should be given in writing to the lessor for negotiating renewal on terms and conditions to be mutually agreed upon.
The lessee shall observe and perform all rules regarding conditions, covenants and stipulations relating to the user of the house as laid down from time to time and shall keep the lessor indemnified against any non observance of breach thereof.
The lessor upon termination of the agreement will peacefully and quietly deliver unto the lessor the possession of the said premises together with fixtures and fittings and in substantially the same condition.
IN WITNESS WHEREOF THE LESSOR AND LESSEES HAVE HEREUNTO SIGNED THE DAY AND YEAR ABOVE WRITTEN.
WITNESS :	Party of the First Part:
Party of the Second Part:",4558
train,50070534-RENTAL-AGREEMENT,/home/sahil/assignment1/assignment-1/data/train/50070534-RENTAL-AGREEMENT.docx,"RENTAL AGREEMENT
THIS RENTAL AGREEMENT is executed at Chennai - 600 041 on 14th day of July 2010 between Mr. P. JohnsonRavikumar, aged about 43 Years, residing at Plot. No: 10, Door No:3, Jeevanantham Street, Lakshmipuram Tiruvanmiyur, Chennai - 600 041. Which term shall include their heirs, assigns, nominees, hereinafter referred to as “HOUSE OWNER”.
and
Mr. Saravanan BV aged about 27 years, residing at Plot. No: 10, Door No:3, Jeevanantham Street, Lakshmipuram Tiruvanmiyur, Chennai - 600 041. Which term shall include their heirs, assigns, nominees, hereinafter referred to as “TENANT”.
The terms “HOUSE OWNER” and “TENANT” wherever the context so requires or admits shall mean and include their respective heirs, executors, administrators, legal representatives and assigns.
The HOUSE OWNER is agreed to rent out the own house premises Plot. No: 10, Door No:3, Jeevanantham Street, Lakshmipuram Tiruvanmiyur, Chennai - 600 041 and the TENANT is agreed to occupy the same on paying monthly rent.
Now the HOUSE OWNER and TENANT hereby AGREE to the following terms and conditions:
The agreement shall be for a period of 11 months beginning form 01.04.2010 and ending with 30.03.2011.
The monthly rent, water maintenance charges for the said shall be Rs. 10,000/- (Rupees Ten Thousand only) rent should be paid according to the English calendar month and shall be payable on or before 5th of every succeeding calendar month.
The tenant has paid the sum of Rs.50, 000/- (Rupees Fifty thousand only) by cash without any interest, and the House Owner has to re-pay the money while the Tenant vacating the house.
The Tenant shall use the house premises for residential purpose only and not for any other purpose.
The Tenant shall maintain the leased premises in good condition and repair and deliver the same at the expiry of the lease period or sooner determination of the tenancy. The tenant shall also before delivering up possession together with all the amenities provided by the House owner and the electrical fittings, repair and restore at his cost to their original.
The Tenant shall not make any alterations or put up any construction in the premises.
The Tenant shall not sub - let leased premise wholly or partially.
That the Tenant hereby covenants to pay the electric consumption charges to the electricity board.
The House Owner and Tenant hereby agree that three months advance notice in writing is essential for the tenant for vacating the premises if he chooses to terminate this agreement during the validity period.
In witness whereof the house owner and tenant have set their hands and seal the day,
month and year first above written.
TENANT
WITNESSES:
1.",2677
train,54770958-Rental-Agreement,/home/sahil/assignment1/assignment-1/data/train/54770958-Rental-Agreement.png,"RENTAL AGREEMENT

This RENTAL AGREEMENT is made & executed on 20 April 2011 between: Mrs.Asha Ramesh &Mr.Ramesh.K.N. Residing at 1st
Floor, 82A, Vysya Bank Colony, ShantiniketanLayout, Arakere Post, Bannerghatta Road, Bangalore-560076, henceforth calld
the LESSOR (OWNERS), which term include their heirs, administrators and assignees of the ONE PART

AND

Mrs.Sadasivuni Deepti & Mr.Sadasivuni Kiran native 53-38-20, KRM Colony, Maddilapalem, Vishakapatnam, AP530013

henceforth called the LESSEE (TENANT) which term shall mean and include their heirs, executors, administrators, legal

representatives and assigns of the OTHER PART witnessed as follows

WHEREAS the LESSOR at the request of the LESSEE agreed to let out the entire 2nd floor premise except the

front room, mentioned in the schedule below on a monthly rent of Rs.5500/-(Five thousand five hundred only}

The LESSEE shall pay the monthly rent on or before Sth of every English calendarmonth.

The LESSEE has deposited with the LESSOR a sum of Rs. 55,000/-(Rs. Fifty five thousand only) as Non Interest Bearing Security
Deposit and the LESSOR have acknowledged with recept. The LESSOR will return the deposit to the LESSEES on the

termination of rent agreement less dues if any.
The rent agreement shall be in force for a period of 11 (months) from the date of Tenancy.

The LESSEE shall pay the monthly electricity charges to the concerned authorities directly and keep a record. The LESSEE shall
pay half of the water bill & Association Bill that comes on a monthly basis, to the LESSOR towards water &sewerage. Motor

and electricity charges will be Rs. 100/month extra.

The LESSEE shall maintain the cleanliness of the premise inside and outside on a daily basis, to take necessary timely action

and maintain the premise well. LESSOR has the right to recover appropriate amount if there is loss/deterioration

It is hereby agreed that 2{Two} months’ notice is required on either side for the termination of this Rental Agreement and all

the keys &items returned as mentioned in the schedule below.
The LESSEES will pay to the LESSOR 10% increment in rent on completion of 12 months stay from the date of this agreement.

The LESSEE will pay to the LESSOR an amount appropriate if any damage / wear out caused to the premise including fittings

electrical etc at the time of the tenancy / termination of the agreement.

The LESSOR holds the right to terminate the agreement if the LESSEE fails to pay the rent regularly for consecutive period of 2

months or commits a breach of any terms herein and can take possession of the premise.

The LESSEE shall use the premise for peaceful & residential purpose only and shall not do any alteration without the Consent

of the LESSOR. Also the LESSEE will not sublet, underlet, part let or part with the possession of the premise.
The LESSEE& LESSOR both have retained a copy of this agreement.
SCHEDULE

The premise is on the 2™° Floor on Site # 82A, Vysya Bank Colony, ShantiniketanLyt, Arakere Post, Bannerghatta Road,
Bangalore 560 0076 and consists of one hall, one kitchen, one bedroom with shelf s,Bath Room with electric Geezer, one two
wheeler parking at the ground floor, Overheadtanks, Sumps,. Complete with 3Kw AEH power electric & light fittings, glazed

wall tiles in bath room, Granite Floors & Slabs in the kitchen.
LESSOR LESSEE
ASHARAMESH SADASIVUNI DEEPTI

RAMESH.K.N SADASHIVUNI KIRAN
",3421
train,54945838-Rental-Agreement,/home/sahil/assignment1/assignment-1/data/train/54945838-Rental-Agreement.png,"RENTAL AGREEMENT

This Rental Agreement made and executed at Bangalore on this 1st day April two thousand
eleven (01/04/2011), between Prof. K. Parthasarathy, S/o. Late T.S.Krishna lyengar aged about
75 years, No. 46, Srinivasa, 2"" Main Road, Hanumanthanagar, Bangalore-560019, herein after
called “LESSOR” (which expression shall where-ever the context so requires or permits mean

and include here heirs, executors, administrators and assign) of the FIRST PART.
AND

Mr. Veerabrahmam Bathini, S/o Mr.Lingaiah Bathini aged about 28 years (Sr. Engineer-PSS
working at Power Research and Development Consultants, #5, 11'"" cross, 2""4 stage, West of
Chord Road, Bangalore-560086, herein after called “LESSEE” (Tenant) of the SECOND PART.

WITNESSETH AS FOLLOWS:

1. The Lessor hereby covenants with Lessee and warrants that he is the owner and as
such as the right and the authority to lease the First Floor of premises No. 146, Krishna
Krupa, 3 Cross, 1st Main, VHBCSL Layout, West of Chord Road, Bangalore-560086.

2. The Lessor hereby agrees to let to the Lessee the First Floor of the premises, No. 146,
Krishna Krupa, 3"" Cross, 1s* Main, VHBCSL Layout, West of Chord Road, Bangalore-

560086 on the following terms conditions.

3. The Lessee will pay the Lessor for the premises herein described in the schedule, a
monthly rent of Rs.8,000/- (Ruppes eight thousand only). The rent shall be paid on or
before 10'"" of each calendar month without deductions whatsoever. If the Lessee fails to
pay the monthly rent in time, the Lessor shall have the liberty to resume the schedule

premises without re-course to any action, legal or other wise.

4. The Lessee shall not pay any advance to the premises.

5. This rental agreement shall be valid for a period of twelve months, from the date of

execution and subject to renewal on expiry of the above lease period on execution of

fresh LEASE-DEED on mutual consent.
6. Under no circumstances, the schedule premises shall be sublet or underlet to any one

else but shall be used by lessee for his bonafide residence only.

7. The Lessee undertakes the full responsibility for the payment of all electric and water

charges and receipts retained for record.

8. Additions or alterations shall not be made to th existing structure without written consent
from the Lessor.

9. If any damage is caused to the schedule premises, the same shall be got repaired by the
Lessee at his own cost.

10. The Lessee upon termination of this agreement will peacefully and quietly leave to the
Lessor the possession of the said premises together with the fixtures and fittings as
given below in substantially same condition by the lessee except for the normal wear and
tear.

11. The Lessor or his authorized agent shall be permitted to enter schedule premises at all

reasonable hours to inspect the same for its wear and tear.
12. Both the parties agree that this lease agreement may be terminated by the Lessee by
giving three months notice in writing.
SCHEDULE
The first floor of the No. 146, VHBCSL Layout, 3 cross, 1st Main, Bangalore-560086 bounded
by
East by 147 and North by 161

West by Road and South by Road

JANTNEXERRE LESSOR

Fouf nu@eilerg Tano48”
nunerEuhepean closet
nuntberd/eabtbasinwith
Johnaoimake) 150
ltrs kortéaheragey$en(25 Itrs)--
nos. Solar water heater

6. Tube lights

IN WITNESS WHEREOF the Lessor and Lessee have affixed their signature to this rental

agreement on the day, month and the year first above written.

LESSEE
",3485
test,24158401-Rental-Agreement,/home/sahil/assignment1/assignment-1/data/test/24158401-Rental-Agreement.png,"This rental agreement is made and executed on this 1‘ day of April 2008 (1-04-08) by
and between

Sri Hanumaiah
No 12, 1* Floor, 6"" Cross, Balajinagar DRC Post, Bangalore 560029

Hereinafter referred to as the owner: Lesser of the one part and in favour of:

Sri Vishal Bhardwaj S/O Charnel Singh Village Pandol Road PO and Tehsil Baijnath
Dist: Kangra (H.P.)
Himachal Pradesh 176125

Hereinafter referred to as the Tenant: Lessee of the other part:

Where as the terms both the lesser and the Lessee shall mean and include their
respective heirs executors legal representatives administrators and assigns.

Whereas the lesser herein is the absolute owner of the schedule premises situated at
No 12, Ground Floor, 6"" Cross, Balajinagar, DRC Post, and Bangalore 560029.
Whereas the lessee approached with the lesser let out the schedule premises and the
lesser has agreed to let out the schedule premises under the following terms and
conditions

1. The lesser agrees to let out the above premises to the lessee on a monthly rent
of Rs 12000 (Twelve thousand) the lessee has agreed to pay the same to the
lesser regularly. This lease is effective from 1* April 2008.

2. The Lessee herby agrees to pay the above rent before 5 of every month.
3. The lessee should use the said premises for residential purpose only.

4. The rent agreement will be for a period of 12 months i.e. up to end of March
2009. But it can be extended by mutual consent by enhancing the rent at 5
% increase.

5. The lessee should not sub let or under let the premises to any person without
written permission from the lesser.

6. The lessee should use the premises in good and tenantable conditions without
breakages of any fixtures, if the lessee causes any damage the lesser is allowed
to deduct a mutually agreed amount from the lessee deposit of Rs 80,000.

7. The lessee had paid a deposit of80, 000 as security deposit the same amount
will be refundable at the time of termination of Rent Period and this amount
shall not carry any interest.

8. The lessee shall vacate the premises on a two months notice from the lesser.
Similarly the lessee can vacate the premises after giving two months notice to
the lesser.

9. The lessee is provided with separate electricity meter and the lessee himself
shall pay electricity charges for consumption of power made use by him to the
concerned authority without arrears during the period of this rental agreement.
In respect of water consumption it is included in the rent.

10. The owner is at liberty to inspect the premised on all reasonable hours with
intimation to the lessee

11. The tenant shall handover the Xerox copy of any of the photo identity card i
.e. driving licence passport ration Card at the time of signing agreement.

12. The tenant shall get the premised distempered/coloured washed at the time of

vacation the premises failing which the actual cost for the same will be
deducted out of the security deposit.

Schedule:

Accommodation consisting of One Hall, One Dining Room, Two Bed Rooms,
Kitchen, One attached Toilet/Bathroom, with one common toilet, Electricity with 3
Fans, 1 Exhaust Fan, 5 Tube lights, Bulbs, Geyser and water facility.

In witness whereof the above named parties lesser and lessee have affixed their
signatures to those rental agreement mad on the day month and year firs above written
at Bangalore.

Witness

1 Owner/Lesser

Tenant/Lessee
",3406
test,95980236-Rental-Agreement,/home/sahil/assignment1/assignment-1/data/test/95980236-Rental-Agreement.png,"RENTAL AGREEMENT

This Rental Agreement is made and executed at Bangalore on this the 1‘ May 2005 by and
between:

Mrs. S.Sakunthala,

Hno: 4E,10-12-1,

REDNAM ALCAZAR,

Opp. SBI Main, Old Jail Road Jn,

Vishakapatnam - 530020

Hereinafter called as the “LESSOR” (which expression shall mean and include wherever the
context so requires admits his heirs, executors, representatives and assigns) of the ONE PART;
And:

V.V. Ravi Kian,,

S/o V.R.G.Sastry,

A.S.Rao Nagar,

Hyderabad Andhra Pradesh.-36

Hereinafter called the “LESSEE” (Which expression shall mean and include wherever the
context so requires, admits his executors, representatives and assigns) of the OTHER PART.
WITNESSES AS FOLLOWS:

Whereas the Lessor is the absolute owner of the Fourth Floor residential premises bearing
No:407A, T.C.Palya Main Road, Ram murthy nagar, Bangalore-16, which are morefully
described in the Schedule written here under and hereinafter referred to as the “Schedule
Property”.

Whereas the Lessor has agreed to grant a lease of the said premises to the Lessee under the
following terms and conditions.

1. DURATION: The duration of the Lease shall be for a period of 11 (Eleven) months
commencing from 1* April 2010 and is subject to renewal thereafter under mutually
agreed terms and conditions by the Lessor and the Lessee with an enhancement of 5%
in the monthly rent.

2. RENT: The monthly rent payable by the Lessee to the LESSOR for the Schedule
Property shall be Rs. 9,000/- (Nine thousand and two hundred rupees only). This
amount shall be paid every month within tenth day of subsequent month.

3. ELECTRICITY AND WATER CHARGES: The Lessee shall pay the Electricity
charges to the concerned department regularly

4. INTERNAL MAINTENANCE: The Lessee shall maintain the Schedule Property in a
state of good order and condition and shall not cause any damage or disfigurement to
the schedule property there in always expecting fair wear and tear.

5, LIABLE FOR DAMAGES: It is agreed that any damages caused by the Lessee in the
Schedule Property shall be made good by the Lessee promptly.

6. USER: The Schedule Property shall be used by the Lessee only for residential purpose
and shall not use or permit the same for any business or occupation or any unlawful
purpose.

7. DEPOSIT: The Lessee has paid a sum of Rs. 80,000/- (Rs. Eighty thousand only) by
way of cash as Security Deposit. The same amount shall be refundable by the Lessor to
the Lessee without any interest at the time of vacating the Schedule Premises.

8. TERMINATION OF LEASE: Either party may give one month notice in writing to
terminate this Lease agreement.

Notwithstanding what is stated above, the agreement shall be revoked by the Lessor, if the
Lessee is in default in the payment of the rent and/or other charges three months after the same
have fallen due or if the Lessee commits breach of any terms and conditions of this agreement.

SCHEDULE PROPERTY

Fourth Floor of the residential premises situated at HNO:407 A, T.C. Palya Main Road, Ram

murthy nagar, Bangalore-560037, Consisting of three Bedrooms, hall, kitchen, two attached
Toilet and Bathrooms.

Fittings and Fixtures:

1, Ceiling Fans -5
2. Bulbs -2
3. Tube lights -5

In WITNESS WHEREOF the parties have executed this agreement in the presence of the
following witnesses on the day, month and year as first above mentioned.

WITNESSES:
",3386
test,156155545-Rental-Agreement-Kns-Home,/home/sahil/assignment1/assignment-1/data/test/156155545-Rental-Agreement-Kns-Home.pdf.docx,"RENTAL AGREEMENT
This deed of rental agreement is made on this day the 15th of December 2012 between V.K.NATARAJ , son of V.KANDASWAMI CHETTIAR aged 55 years residing at Door No - 5/8, ""F"" TYPE, 4th MAIN ROAD, SIDCO NAGAR, VILLIVAKKAM, CHENNAI-600049,
hereinafter called the ""LESSOR"".
AND
SRI VYSHNAVI DAIRY SPECIALITIES Private Ltd., a company registered under the companies Act 1956, having its registered office at 170/IB, M.G.R. Nagar, Manapakkam Village Chennai and Corporate Office at No.12/7, Sidco Nagar, Villivakkam Chennai - 600049 Represented by its Chairman Mr. RAJESH CHAVDA S/0. MANSHUK LAL CHAVDA, aged about 56 years, hereinafter called the ""LESSEE"".
Whereas LESSOR is the sole absolute owner of the land and building bearing door no 5/8, ""F"" TYPE, 4th MAIN ROAD, SIDCO NAGAR, VILLIVAKKAM, CHENNAI-600049.
Whereas both the lessor and lessee agree to the following terms and conditions
NOW THIS DEED OF LEASE WITHNESSETH AS FOLLOWS HERE:-
The lessee agrees to pay a rent of Rs.12, OOO (Rupees Twelve Thousand only) on or before of 5th day of every English calendar month.
An amount of Rs.80,000(Rupees Eighty Thousand only) as advance shall be deposited by the lessee without interest, which is refundable at the time of the lessee delivering vacant possession after deducting the dues if any towards monthly rents electricity charges and damages.
It is mutually understood that the lease of this above said premises is intended for residential purpose of SRI VYSHNAVI DAIRY SPECIALITIES Pvt Ltd, represented by authorized signatory Mr. RAJESH CHAVDA residing at 12/7, Sidco Nagar, Villivakkam, Chennai - 600049. The Lessee shall not sublet the flat to anyone and also shall not use for any illegal or immoral purpose.
The lessee shall maintain the premises, fittings and fixtures etc., in good condition. The Lessor on his part shall arrange to the paintings of the above said premises once in three years.
Day to day minor repairs such as fuse, electrical fittings and bulbs, leakage of water pipes etc., shall be carried out by the Lessee at his own cost. Major repair such as leakage in electricity, water pipes, cracks etc., shall be done by the Lessor at his own cost.
The Lessee agrees to pay the electricity consumption charges as per the meter directly to the Tamil Nadu Electricity Board.
The Lessee agrees to pay any additional deposit or any charges demanded by the Tamil Nadu Electricity Board on any account whatsoever in respect of the demised premises.
The Lessee agrees not to sublet, alter or assign the demised premises either as a whole or in parts to any other persons without the consent of the Lessor in writing.
On termination of the term of this agreement, the Lessee guarantees to hand over vacant possession to the said premises, fittings etc., to the Lessor in the same conditions handed over to him, subject to normal wear and tear.
The Lessor shall pay all taxes and duties etc., payable to the Government and local bodies in respect of the said premises including the maintenance / service if any due to the default.
And whereas the lessor or his Subordinates or agents is at full liberty to inspect the rented premises at any reasonable hours.
The Lease shall be for a period of ll(eleven) months from the date of this agreement, but it can be extended by mutual consent. The rent shall be enhanced once in every 11 months @ 10% over the existing rent.
The Lessor and the Lessee agree to give one month notice for terminating the lease on either side.
SCHEDULE
First floor, Door No - 5/8, ""F"" TYPE, 4th MAIN ROAD, SIDCO NAGAR, VILLIVAKKAM, CHENNAI-49. Consisting of 2 bed rooms with attached bathroom, large hall, kitchen, pooja room, dining hall and balcony.
AMENTITES
The tenant shall return the following articles and fixtures to the landlord after the expiry of tenancy or at the time of vacates the portion let out to the tenant.
Tube light set - 8 Nos.,
Bulbs - 25 Nos.,
Calling Bell - 2 Nos.,
Set of keys - 9 Set (9*2 = 18 numbers).
Front gate key - 1 No.,
IN WITHNESSES WHEROF the parties affix their signature hereunder on this.
V.K.NATARAJ
WITNESSES:
(LESSOR)
For SRI VYSHNAVI DAIRY SPECIALITIES Pvt., Ltd.,
Authorized signatory
(LESSEE)",4194
test,228094620-Rental-Agreement,/home/sahil/assignment1/assignment-1/data/test/228094620-Rental-Agreement.pdf.docx,"RENTAL AGREEMENT
This Rental Agreement is made and executed on this the 2ndth day of July, 2013 at Hyderabad, A.P. by and between:
Mr. KAPIL MEHROTRA aged about 38 years, Owner of Plot.No.566-569, Flat.No.303, Shasank Rose Mount Apartment, Kavya Avenue Layout, Bachupally, Hyderabad, Ranga Reddy District-500090, and Andhra Pradesh.
(Hereinafter called the House “OWNER” which term shall mean and include all his/her heirs, representatives, successors, administrators, etc., of the First Party)
AND
Mr.B.Kishore , S/o. Mr. B. Pampaiah , aged about 31 years, R/o House no 46-107 A, 46-266, Nundy 46-365 , Budhwarpet 46-263, Kumool, Andhra Pradesh & Plot no 22 , House no 50 / 760 A - 23 Gayathri enclave , Devanagar, Kurnool, A.P
(Hereinafter called the “TENANT” which term shall mean and include all his/her heirs,, successors, etc., of the Second Party)
Whereas the Owner let out the house premises Plot.No.566-569, Flat.No.303, Shashank Rose Mount Apartment, Kavya Avenue Layout, Bachupally, Hyderabad, Ranga Reddy District- 500090, Andhra Pradesh.to the tenant for Residential purpose on a monthly rent of Rs. 15,000.00 (Rupees Fifteen Thousand Only).
Subject to the Terms and Conditions laid down hereunder:
As discussed over the phone the tenant shall pay an advance equivalent to 11 months’ rent amounting to rupees 165000.00 (one lakh sixty five thousand Rupees Only) to the OWNER by 4th of July 2013.
The tenant will reside there as a family and will not create any disturbance to the neighbors’ and society.
The Marital status of tenant should not remain as bachelor after 31st July 2013 or else the tenant will have to vacate the premises by 10th of August 2013 without claiming any refund of the advance rent paid to the owner.
The term of rental agreement is for a period of 11 months with effect from 7st July, 2013 to 6th June, 2014 with an option for renewal of the same by mutual consent with an increase in rent by 10%.
That the tenant has deposited an interest free amount of Rs.45, 000-00 (Rupees Forty five Thousand Only) as Security Deposit and interest free amount of Rs.165, 000/-(one lakh sixty five thousand Rupees Only) as eleven month’s advance rent to the Owner by way of cash / Cheque/ online bank transfer. The security deposit is refundable at the time of expiry of the above said period of Tenancy and deducting of adjustments if any.
The Tenant shall bear the electricity charges, water charges, apartment maintenance charges, minor repairs and other charges if any.
The Tenant shall keep the premises in neat and tidy condition.
The Tenant shall not make material alterations in the Flat during the term of lease without the written consent of the OWNER.
The Tenant shall not sub-let the leased premises.
The OWNER or his agents can inspect the premises during reasonable times for which the Tenant shall not have any objection.
Advance rent will not be refundable if the tenant decided to leave the flat and terminate the lease agreement before 6th June 2014 i.e. completion of eleven months.
The tenant will have to vacate the flat with one months notice if found causing damage intentionally / deliberately to the property or the furniture’s and fixtures listed in point 16 without refund of any deposit or advance rent.
The tenant will have to vacate the flat immediately if found indulging in any criminal offence or summoned by the court/ police for any criminal activity.
This rental agreement may be renewed and the rent will be increased by 10% by mutual consent of both the parties.
The tenant will use all the electronic equipment and furniture as mentioned in point 16 and provided to him carefully and will get them serviced timely at his own expense.
Furniture, Fittings & Fixtures: The tenant to use and after expiry of the lease to hand over the amenities mentioned below, which are handed to the tenant in good AND WORKING condition.
Ceiling Fans- 5 Tube Lights - 3
CFL-4
Exhaust fans- 3
AC Samsung 1.5 tonne with remote- 1 AC Voltas 1.5 tonne with remote-1 Water Taps - 5 Sofa set - (lbig +2 small)
Sofa set in another room ( set of 2)
2 Centre table with glass top 6 seater dining table with glass top.
Inverter with 1 battery and trolley Wooden wardrobes with mirrors Dressing table with Mirror-1
Large double bed cot with box storage space and Mattress with 2 Side drawer
2 Large single bed with 2 mattress and Side drawer
Shower Panel-1
Electric Geyser-1
Glass wash basin - 2
Regular wash basin 1
Modular kitchen cabinets
Washing machine Samsung
INDANE government Gas cylinder 2 with regulator and gas pipe Cooking stove 1
Dish TV set top box with parabola, cable and remote 1 Motorized Tread mill
Refrigerator 165 liters L.G
Microwave
LCD TV Samsung
The above accessories will be handed over to the owner by the tenant after the expiry of the lease, if any damages occur due to negligence of the tenant; the same shall be deducted from the security deposit.
IN WITNESS WHEREOF, both the parties have subscribed their signatures to this Indenture on the day, month and year mentioned above.
WITNESSES:
OWNER
TENANT",5070
